+-------+-------+-------+-------+---------+
| place | item  | price | offer | payment |
+-------+-------+-------+-------+---------+
| goa   | food  |     2 |     5 |       8 |
| ind   | cloth |     3 |     9 |      12 |
| and   | car   |     1 |     2 |       6 |
+-------+-------+-------+-------+---------+
3 rows in set (0.00 sec)

mysql> select * from shopping
    -> order by price;
+-------+-------+-------+-------+---------+
| place | item  | price | offer | payment |
+-------+-------+-------+-------+---------+
| and   | car   |     1 |     2 |       6 |
| goa   | food  |     2 |     5 |       8 |
| ind   | cloth |     3 |     9 |      12 |
+-------+-------+-------+-------+---------+
3 rows in set (0.02 sec)

mysql> select * from shopping
    -> group by item;
+-------+-------+-------+-------+---------+
| place | item  | price | offer | payment |
+-------+-------+-------+-------+---------+
| and   | car   |     1 |     2 |       6 |
| ind   | cloth |     3 |     9 |      12 |
| goa   | food  |     2 |     5 |       8 |
+-------+-------+-------+-------+---------+
3 rows in set (0.04 sec)

mysql> select * from shopping
    ->  group by price
    -> having price>=3;
+-------+-------+-------+-------+---------+
| place | item  | price | offer | payment |
+-------+-------+-------+-------+---------+
| ind   | cloth |     3 |     9 |      12 |
+-------+-------+-------+-------+---------+
1 row in set (0.02 sec)

mysql> select * from shopping
    -> having place=goa;
ERROR 1054 (42S22): Unknown column 'goa' in 'having clause'
mysql>  select * from shopping
    ->  having offer=5;
+-------+------+-------+-------+---------+
| place | item | price | offer | payment |
+-------+------+-------+-------+---------+
| goa   | food |     2 |     5 |       8 |
+-------+------+-------+-------+---------+
1 row in set (0.00 sec)
