mysql> select * from marks;
+-------+----------+---------+-------+-------+
| sl_no | name     | subject | marks | grade |
+-------+----------+---------+-------+-------+
|     1 | sridhar  | dbms    |    99 | A     |
|     1 | praneeth | python  |    92 | A     |
|     2 | aravind  | java    |    74 | B     |
|     3 | uday     | AI      |    85 | B     |
+-------+----------+---------+-------+-------+
4 rows in set (0.04 sec)

mysql> create user sridhar;
Query OK, 0 rows affected (0.17 sec)

mysql> grant select,update  on marks to sridhar;
Query OK, 0 rows affected (0.05 sec)

mysql> show grants for sridhar;
+------------------------------------------------------------+
| Grants for sridhar@%                                       |
+------------------------------------------------------------+
| GRANT USAGE ON *.* TO 'sridhar'@'%'                        |
| GRANT SELECT, UPDATE ON `sridhar`.`marks` TO 'sridhar'@'%' |
+------------------------------------------------------------+
2 rows in set (0.00 sec)

mysql> revoke select on marks from sridhar;
Query OK, 0 rows affected (0.00 sec)

mysql> show grants for sridhar;
+----------------------------------------------------+
| Grants for sridhar@%                               |
+----------------------------------------------------+
| GRANT USAGE ON *.* TO 'sridhar'@'%'                |
| GRANT UPDATE ON `sridhar`.`marks` TO 'sridhar'@'%' |
+----------------------------------------------------+
2 rows in set (0.00 sec)