mysql> create table student_progress(std_id int(10),std_name varchar
    -> (20),physics int(10),maths int(10),dbms int(10));
Query OK, 0 rows affected (0.07 sec)

mysql> desc student_progress;
+----------+-------------+------+-----+---------+-------+
| Field    | Type        | Null | Key | Default | Extra |
+----------+-------------+------+-----+---------+-------+
| std_id   | int(10)     | YES  |     | NULL    |       |
| std_name | varchar(20) | YES  |     | NULL    |       |
| physics  | int(10)     | YES  |     | NULL    |       |
| maths    | int(10)     | YES  |     | NULL    |       |
| dbms     | int(10)     | YES  |     | NULL    |       |
+----------+-------------+------+-----+---------+-------+
5 rows in set (0.01 sec)

mysql> alter table student_progress add total int(10);
Query OK, 0 rows affected (0.16 sec)
Records: 0  Duplicates: 0  Warnings: 0

mysql> alter table student_progress add grade char(2);
Query OK, 0 rows affected (0.20 sec)
Records: 0  Duplicates: 0  Warnings: 0

mysql> desc student_progress;
+----------+-------------+------+-----+---------+-------+
| Field    | Type        | Null | Key | Default | Extra |
+----------+-------------+------+-----+---------+-------+
| std_id   | int(10)     | YES  |     | NULL    |       |
| std_name | varchar(20) | YES  |     | NULL    |       |
| physics  | int(10)     | YES  |     | NULL    |       |
| maths    | int(10)     | YES  |     | NULL    |       |
| dbms     | int(10)     | YES  |     | NULL    |       |
| total    | int(10)     | YES  |     | NULL    |       |
| grade    | char(2)     | YES  |     | NULL    |       |
+----------+-------------+------+-----+---------+-------+
7 rows in set (0.00 sec)

mysql> insert into student_progress values(1,'sridhar',98,99,97,294,'S'),(3,'praneeth',87,95,74,256,'A'),(5,'Uday',74,65,80,219,'B'),(2,'Aravind',64,55,59,178,'D');
Query OK, 4 rows affected (0.05 sec)
Records: 4  Duplicates: 0  Warnings: 0

mysql> select * from student_progress;
+--------+----------+---------+-------+------+-------+-------+
| std_id | std_name | physics | maths | dbms | total | grade |
+--------+----------+---------+-------+------+-------+-------+
|      1 | sridhar  |      98 |    99 |   97 |   294 | S     |
|      3 | praneeth |      87 |    95 |   74 |   256 | A     |
|      5 | Uday     |      74 |    65 |   80 |   219 | B     |
|      2 | Aravind  |      64 |    55 |   59 |   178 | D     |
+--------+----------+---------+-------+------+-------+-------+
4 rows in set (0.00 sec)

mysql> select std_id,total,
    -> case
    -> when total > 150 then 'the mark grade is greater than 150'
    -> when total = 150 then 'the mark grade is 150'
    -> else 'the mark grade is above 150'
    -> end as totalgrade
    -> from student_progress;
+--------+-------+------------------------------------+
| std_id | total | totalgrade                         |
+--------+-------+------------------------------------+
|      1 |   294 | the mark grade is greater than 150 |
|      3 |   256 | the mark grade is greater than 150 |
|      5 |   219 | the mark grade is greater than 150 |
|      2 |   178 | the mark grade is greater than 150 |
+--------+-------+------------------------------------+
4 rows in set (0.10 sec)