mysql> desc car;
+-------------+-------------+------+-----+---------+-------+
| Field       | Type        | Null | Key | Default | Extra |
+-------------+-------------+------+-----+---------+-------+
| car_model   | int(20)     | YES  |     | NULL    |       |
| car_name    | varchar(20) | YES  |     | NULL    |       |
| car_mileage | int(20)     | YES  |     | NULL    |       |
+-------------+-------------+------+-----+---------+-------+
3 rows in set (0.17 sec)

mysql> alter table car add car_rent int(20);
Query OK, 0 rows affected (2.03 sec)
Records: 0  Duplicates: 0  Warnings: 0

mysql> desc car;
+-------------+-------------+------+-----+---------+-------+
| Field       | Type        | Null | Key | Default | Extra |
+-------------+-------------+------+-----+---------+-------+
| car_model   | int(20)     | YES  |     | NULL    |       |
| car_name    | varchar(20) | YES  |     | NULL    |       |
| car_mileage | int(20)     | YES  |     | NULL    |       |
| car_rent    | int(20)     | YES  |     | NULL    |       |
+-------------+-------------+------+-----+---------+-------+
4 rows in set (0.01 sec)

mysql> insert into car values(2005,'Ford',20,1500),(2016,'Honda Fit',16,2000),(2021,'Shift',14,1200),(2008,'Tata',10,1000);
Query OK, 4 rows affected (0.06 sec)
Records: 4  Duplicates: 0  Warnings: 0

mysql> select * from car;
+-----------+-----------+-------------+----------+
| car_model | car_name  | car_mileage | car_rent |
+-----------+-----------+-------------+----------+
|      2005 | Ford      |          20 |     1500 |
|      2016 | Honda Fit |          16 |     2000 |
|      2021 | Shift     |          14 |     1200 |
|      2008 | Tata      |          10 |     1000 |
+-----------+-----------+-------------+----------+
4 rows in set (0.00 sec)

mysql> create table company(c_name varchar(20),no_of_cars int(20),phone_no int(20));
Query OK, 0 rows affected (0.14 sec)

mysql> desc company;
+------------+-------------+------+-----+---------+-------+
| Field      | Type        | Null | Key | Default | Extra |
+------------+-------------+------+-----+---------+-------+
| c_name     | varchar(20) | YES  |     | NULL    |       |
| no_of_cars | int(20)     | YES  |     | NULL    |       |
| phone_no   | int(20)     | YES  |     | NULL    |       |
+------------+-------------+------+-----+---------+-------+
3 rows in set (0.01 sec)

mysql> insert into company values('SSR MOTORS',36,986743218),('TCR MOTORS',24,675432981),('BMW MOTORS',70,765439872);
Query OK, 3 rows affected (0.03 sec)
Records: 3  Duplicates: 0  Warnings: 0

mysql> select * from company;
+------------+------------+-----------+
| c_name     | no_of_cars | phone_no  |
+------------+------------+-----------+
| SSR MOTORS |         36 | 986743218 |
| TCR MOTORS |         24 | 675432981 |
| BMW MOTORS |         70 | 765439872 |
+------------+------------+-----------+
3 rows in set (0.00 sec)

mysql> delete from company where no_of_cars=24;
Query OK, 1 row affected (0.14 sec)

mysql> select * from company;
+------------+------------+-----------+
| c_name     | no_of_cars | phone_no  |
+------------+------------+-----------+
| SSR MOTORS |         36 | 986743218 |
| BMW MOTORS |         70 | 765439872 |
+------------+------------+-----------+
2 rows in set (0.00 sec)