mysql> use sridhar;
Database changed
mysql> show tables;
+-------------------+
| Tables_in_sridhar |
+-------------------+
| author            |
| book_details      |
| car               |
| company           |
| db                |
| doctors           |
| general_hospital  |
| marks             |
| marks_view        |
| persons           |
| product           |
| student_progress  |
| students          |
+-------------------+
13 rows in set (0.01 sec)

mysql> select * from persons;
+------+---------+------+
| p_id | name    | age  |
+------+---------+------+
|    1 | sridhar |   20 |
|    2 | kiran   |   21 |
|    3 | uday    |   19 |
+------+---------+------+
3 rows in set (0.00 sec)

mysql> select repeat(name,2) from persons;
+----------------+
| repeat(name,2) |
+----------------+
| sridharsridhar |
| kirankiran     |
| udayuday       |
+----------------+
3 rows in set (0.05 sec)