mysql> desc general_hospital;
+---------------+-------------+------+-----+---------+-------+
| Field         | Type        | Null | Key | Default | Extra |
+---------------+-------------+------+-----+---------+-------+
| hos_id        | int(10)     | YES  |     | NULL    |       |
| hos_name      | varchar(20) | YES  |     | NULL    |       |
| hos_city      | varchar(20) | YES  |     | NULL    |       |
| no_of_doctors | int(100)    | YES  |     | NULL    |       |
| no_of_wards   | int(150)    | YES  |     | NULL    |       |
| no_of_labs    | int(200)    | YES  |     | NULL    |       |
+---------------+-------------+------+-----+---------+-------+
6 rows in set (0.08 sec)
mysql> insert into general_hospital values(19234,'saveetha','chennai',34,45,5);
Query OK, 1 row affected (0.03 sec)

mysql> insert into general_hospital values(87647,'Apollo','Hyderadad',43,55,8);
Query OK, 1 row affected (0.03 sec)

mysql> insert into general_hospital values(64734,'Govt','Shabad',2,3,2);
Query OK, 1 row affected (0.06 sec)

mysql> select * from general_hospital;
+--------+----------+-----------+---------------+-------------+------------+
| hos_id | hos_name | hos_city  | no_of_doctors | no_of_wards | no_of_labs |
+--------+----------+-----------+---------------+-------------+------------+
|  19234 | saveetha | chennai   |            34 |          45 |          5 |
|  87647 | Apollo   | Hyderadad |            43 |          55 |          8 |
|  64734 | Govt     | Shabad    |             2 |           3 |          2 |
+--------+----------+-----------+---------------+-------------+------------+
3 rows in set (0.00 sec)

mysql> create table doctors(doctor_id int(20),name varchar(20),phone_no int(11));
Query OK, 0 rows affected (0.09 sec)

mysql> desc doctors;
+-----------+-------------+------+-----+---------+-------+
| Field     | Type        | Null | Key | Default | Extra |
+-----------+-------------+------+-----+---------+-------+
| doctor_id | int(20)     | YES  |     | NULL    |       |
| name      | varchar(20) | YES  |     | NULL    |       |
| phone_no  | int(11)     | YES  |     | NULL    |       |
+-----------+-------------+------+-----+---------+-------+
3 rows in set (0.02 sec)

mysql> alter table doctors add doc_qul varchar(100);
Query OK, 0 rows affected (0.15 sec)
Records: 0  Duplicates: 0  Warnings: 0

mysql> desc doctors;
+-----------+--------------+------+-----+---------+-------+
| Field     | Type         | Null | Key | Default | Extra |
+-----------+--------------+------+-----+---------+-------+
| doctor_id | int(20)      | YES  |     | NULL    |       |
| name      | varchar(20)  | YES  |     | NULL    |       |
| phone_no  | int(11)      | YES  |     | NULL    |       |
| doc_qul   | varchar(100) | YES  |     | NULL    |       |
+-----------+--------------+------+-----+---------+-------+
4 rows in set (0.01 sec)

mysql> insert into doctors values(4,'venkat',794757388,'PHD'),(1,'teja',849475738,'ENT'),(3,'mahesh',987654321,'cardiologist');
Query OK, 3 rows affected (0.07 sec)
Records: 3  Duplicates: 0  Warnings: 0

mysql> select * from doctors;
+-----------+--------+-----------+--------------+
| doctor_id | name   | phone_no  | doc_qul      |
+-----------+--------+-----------+--------------+
|         4 | venkat | 794757388 | PHD          |
|         1 | teja   | 849475738 | ENT          |
|         3 | mahesh | 987654321 | cardiologist |
+-----------+--------+-----------+--------------+
3 rows in set (0.00 sec)

mysql> select name from doctors where  doctor_id<4;
+--------+
| name   |
+--------+
| teja   |
| mahesh |
+--------+
2 rows in set (0.00 sec)